{
    "Bleu_1": 0.7991930717240922,
    "Bleu_2": 0.6432857669705936,
    "Bleu_3": 0.5026446866470586,
    "Bleu_4": 0.3781005862996644,
    "METEOR": 0.26123378547479137,
    "ROUGE_L": 0.5304107993745032,
    "CIDEr": 0.7163954881716266,
    "SPICE": 0.12317111654856479
}